date,cash,transaction_cost,market_value,total_value,position_pnl,trading_pnl,daily_pnl,margin
2022-01-04,704797.192,90.0,-39000.0,999910.0,0.0,0.0,-90.0,334112.808
2022-01-05,421508.164,90.0,-106140.0,999160.0,-660.0,0.0,-750.0,683791.836
2022-01-06,160718.824,90.0,-178200.0,993790.0,-5280.0,0.0,-5370.0,1011271.176
2022-01-07,19785.652,45.0,-199980.0,1008985.0,15240.0,0.0,15195.0,1189179.348
2022-01-10,28314.001,0.0,-195900.0,1013065.0,4080.0,0.0,4080.0,1180650.999
2022-01-11,43487.329,0.0,-190980.0,1017985.0,4920.0,0.0,4920.0,1165477.671
2022-01-12,41718.955,0.0,-186780.0,1022185.0,4200.0,0.0,4200.0,1167246.045
2022-01-13,90510.553,0.0,-190920.0,1018045.0,-4140.0,0.0,-4140.0,1118454.447
2022-01-14,150123.949,0.0,-200760.0,1008205.0,-9840.0,0.0,-9840.0,1058841.051
2022-01-17,-39167.048,45.0,-205500.0,1033960.0,25800.0,0.0,25755.0,1278627.048
2022-01-18,-69790.448,0.0,-195300.0,1044160.0,10200.0,0.0,10200.0,1309250.448
2022-01-19,-42497.408,0.0,-195180.0,1044280.0,120.0,0.0,120.0,1281957.408
2022-01-20,-66983.546,0.0,-191520.0,1047940.0,3660.0,0.0,3660.0,1306443.546
2022-01-21,237565.582,0.0,-156420.0,1083040.0,-2520.0,37620.0,35100.0,1001894.418
2022-01-24,110373.778,45.0,-181200.0,1083355.0,360.0,0.0,315.0,1154181.222
2022-01-25,260463.433,0.0,-173280.0,1091275.0,7920.0,0.0,7920.0,1004091.567
2022-01-26,-42289.877,90.0,-208980.0,1104865.0,13680.0,0.0,13590.0,1356134.877
2022-01-27,126463.357,0.0,-217140.0,1096705.0,-8160.0,0.0,-8160.0,1187381.643
2022-01-28,101358.04,45.0,-291780.0,1049680.0,-46980.0,0.0,-47025.0,1240101.96
2022-02-07,-25586.45,0.0,-187260.0,1154200.0,104520.0,0.0,104520.0,1367046.45
2022-02-08,92956.8985,0.0,-191700.0,1149760.0,-4440.0,0.0,-4440.0,1248503.1015
2022-02-09,29176.78,0.0,-153660.0,1187800.0,38040.0,0.0,38040.0,1312283.22
2022-02-10,77387.98,0.0,-156240.0,1185220.0,-2580.0,0.0,-2580.0,1264072.02
2022-02-11,129204.8275,0.0,-179280.0,1162180.0,-23040.0,0.0,-23040.0,1212255.1725
2022-02-14,162818.788,0.0,-225420.0,1116040.0,-46140.0,0.0,-46140.0,1178641.212
2022-02-15,83285.977,0.0,-177960.0,1163500.0,47460.0,0.0,47460.0,1258174.023
2022-02-16,92183.6275,0.0,-157980.0,1183480.0,19980.0,0.0,19980.0,1249276.3725
2022-02-17,97955.86,0.0,-144480.0,1196980.0,13500.0,0.0,13500.0,1243504.14
2022-02-18,1341460.0,0.0,0.0,1341460.0,10560.0,133920.0,144480.0,0.0
2022-02-21,1064061.622,90.0,-41880.0,1341370.0,0.0,0.0,-90.0,319188.378
2022-02-22,810302.308,90.0,-88080.0,1337260.0,-4020.0,0.0,-4110.0,615037.692
2022-02-23,549176.464,90.0,-124200.0,1341430.0,4260.0,0.0,4170.0,916453.536
2022-02-24,302166.16,90.0,-186060.0,1323460.0,-17880.0,0.0,-17970.0,1207353.84
2022-02-25,13661.74,90.0,-206280.0,1344130.0,20760.0,0.0,20670.0,1536748.26
2022-02-28,26596.36,0.0,-205920.0,1344490.0,360.0,0.0,360.0,1523813.64
2022-03-01,47713.81,0.0,-191880.0,1358530.0,14040.0,0.0,14040.0,1502696.19
2022-03-02,26204.35,0.0,-183840.0,1366570.0,8040.0,0.0,8040.0,1524205.65
2022-03-03,38478.28,0.0,-186720.0,1363690.0,-2880.0,0.0,-2880.0,1511931.72
2022-03-04,123556.36,0.0,-204540.0,1345870.0,-17820.0,0.0,-17820.0,1426853.64
2022-03-07,196109.47,45.0,-412740.0,1172125.0,-173700.0,0.0,-173745.0,1388755.53
2022-03-08,56106.7375,0.0,-567540.0,1017325.0,-154800.0,0.0,-154800.0,1528758.2625
2022-03-09,-53489.705,0.0,-639300.0,945565.0,-71760.0,0.0,-71760.0,1638354.705
2022-03-10,-183093.3065,0.0,-513000.0,1071865.0,126300.0,0.0,126300.0,1767958.3065
2022-03-11,-24008.537,0.0,-462360.0,1122505.0,50640.0,0.0,50640.0,1608873.537
2022-03-14,-3258.0335,0.0,-683940.0,900925.0,-221580.0,0.0,-221580.0,1588123.0335
2022-03-15,-162918.2135,0.0,-1078440.0,506425.0,-394500.0,0.0,-394500.0,1747783.2135
2022-03-16,-495347.06,0.0,-733500.0,851365.0,344940.0,0.0,344940.0,2080212.06
2022-03-17,-195715.655,0.0,-580800.0,1004065.0,152700.0,0.0,152700.0,1780580.655
2022-03-18,1399654.132,0.0,-50040.0,1534825.0,36720.0,494040.0,530760.0,185210.868
2022-03-21,1149647.617,90.0,-112920.0,1530655.0,-4080.0,0.0,-4170.0,493927.383
2022-03-22,891390.115,90.0,-160380.0,1537945.0,7380.0,0.0,7290.0,806934.885
2022-03-23,660418.27,90.0,-192180.0,1556515.0,18660.0,0.0,18570.0,1088276.73
2022-03-24,413588.962,90.0,-228720.0,1564825.0,8400.0,0.0,8310.0,1379956.038
2022-03-25,272827.207,90.0,-326220.0,1514035.0,-50700.0,0.0,-50790.0,1567427.793
2022-03-28,24521.722,90.0,-390300.0,1497565.0,-16380.0,0.0,-16470.0,1863343.278
2022-03-29,43203.763,0.0,-397620.0,1490245.0,-7320.0,0.0,-7320.0,1844661.237
2022-03-30,-42152.519,0.0,-305640.0,1582225.0,91980.0,0.0,91980.0,1930017.519
2022-03-31,14568.349,0.0,-294360.0,1593505.0,11280.0,0.0,11280.0,1873296.651
2022-04-01,53081.848,0.0,-273540.0,1614325.0,20820.0,0.0,20820.0,1834783.152
2022-04-06,38232.7,0.0,-252840.0,1635025.0,20700.0,0.0,20700.0,1849632.3
2022-04-07,71667.091,0.0,-256740.0,1631125.0,-3900.0,0.0,-3900.0,1816197.909
2022-04-08,76115.938,0.0,-225000.0,1662865.0,31740.0,0.0,31740.0,1811749.062
2022-04-11,238039.369,0.0,-335340.0,1552525.0,-110340.0,0.0,-110340.0,1649825.631
2022-04-12,-43824.956,45.0,-254100.0,1661380.0,108900.0,0.0,108855.0,1959304.956
2022-04-13,75663.766,0.0,-266400.0,1649080.0,-12300.0,0.0,-12300.0,1839816.234
2022-04-14,27238.9,0.0,-201420.0,1714060.0,64980.0,0.0,64980.0,1888241.1
2022-04-15,1764068.788,0.0,-27960.0,1887520.0,18000.0,155460.0,173460.0,151411.212
2022-04-18,1524062.752,90.0,-83640.0,1891750.0,4320.0,0.0,4230.0,451327.248
2022-04-19,1294930.81,90.0,-139800.0,1895140.0,3480.0,0.0,3390.0,740009.19
2022-04-20,1118347.303,90.0,-209820.0,1888870.0,-6180.0,0.0,-6270.0,980342.697
2022-04-21,961392.8305,90.0,-293340.0,1872400.0,-16380.0,0.0,-16470.0,1204347.1695
2022-04-22,707856.22,90.0,-340620.0,1889290.0,16980.0,0.0,16890.0,1522053.78
2022-04-25,669493.756,90.0,-587160.0,1719640.0,-169560.0,0.0,-169650.0,1637306.244
2022-04-26,348329.548,90.0,-646320.0,1729990.0,10440.0,0.0,10350.0,2027980.452
2022-04-27,127162.633,90.0,-595080.0,1843900.0,114000.0,0.0,113910.0,2311817.367
2022-04-28,82784.6305,45.0,-548820.0,1919215.0,75360.0,0.0,75315.0,2385250.3695
2022-04-29,8312.977,45.0,-560100.0,1934530.0,15360.0,0.0,15315.0,2486317.023
2022-05-05,-36664.31,0.0,-497400.0,1997230.0,62700.0,0.0,62700.0,2531294.31
2022-05-06,84945.145,0.0,-506280.0,1988350.0,-8880.0,0.0,-8880.0,2409684.855
2022-05-09,43858.075,45.0,-543180.0,1980205.0,-8100.0,0.0,-8145.0,2479526.925
2022-05-10,9827.278,0.0,-502020.0,2021365.0,41160.0,0.0,41160.0,2513557.722
2022-05-11,4461.196,0.0,-476340.0,2047045.0,25680.0,0.0,25680.0,2518923.804
2022-05-12,12611.4865,0.0,-467160.0,2056225.0,9180.0,0.0,9180.0,2510773.5135
2022-05-13,5861.92,0.0,-442200.0,2081185.0,24960.0,0.0,24960.0,2517523.08
2022-05-16,42029.863,0.0,-417120.0,2106265.0,25080.0,0.0,25080.0,2481355.137
2022-05-17,47766.568,0.0,-404700.0,2118685.0,12420.0,0.0,12420.0,2475618.432
2022-05-18,35361.151,0.0,-371700.0,2151685.0,33000.0,0.0,33000.0,2488023.849
2022-05-19,57500.9035,0.0,-356280.0,2167105.0,15420.0,0.0,15420.0,2465884.0965
2022-05-20,2361997.048,0.0,-59940.0,2463445.0,-83820.0,380160.0,296340.0,161387.952
2022-05-23,2093605.708,90.0,-100380.0,2475415.0,12060.0,0.0,11970.0,482189.292
2022-05-24,1894587.655,90.0,-142560.0,2485585.0,10260.0,0.0,10170.0,733557.345
2022-05-25,1686779.119,90.0,-190440.0,2488315.0,2820.0,0.0,2730.0,991975.881
2022-05-26,1442560.072,90.0,-226320.0,2498665.0,10440.0,0.0,10350.0,1282424.928
2022-05-27,1210299.202,90.0,-264360.0,2505115.0,6540.0,0.0,6450.0,1559175.798
2022-05-30,1005489.208,90.0,-314100.0,2501425.0,-3600.0,0.0,-3690.0,1810035.792
2022-05-31,834793.345,90.0,-382620.0,2476615.0,-24720.0,0.0,-24810.0,2024441.655
2022-06-01,534243.664,90.0,-440460.0,2491045.0,14520.0,0.0,14430.0,2397261.336
2022-06-02,316815.376,90.0,-498900.0,2502535.0,11580.0,0.0,11490.0,2684619.624
2022-06-06,266463.58,90.0,-632640.0,2436625.0,-65820.0,0.0,-65910.0,2802801.42
2022-06-07,78324.85,45.0,-666540.0,2425900.0,-10680.0,0.0,-10725.0,3014115.15
2022-06-08,160102.57,0.0,-754200.0,2338240.0,-87660.0,0.0,-87660.0,2932337.43
2022-06-09,-63892.406,0.0,-652860.0,2439580.0,101340.0,0.0,101340.0,3156332.406
2022-06-10,205014.142,0.0,-803700.0,2288740.0,-150840.0,0.0,-150840.0,2887425.858
2022-06-13,-94749.488,0.0,-654480.0,2437960.0,149220.0,0.0,149220.0,3187189.488
2022-06-14,169460.062,0.0,-761880.0,2330560.0,-107400.0,0.0,-107400.0,2922979.938
2022-06-15,156001.888,0.0,-905940.0,2186500.0,-144060.0,0.0,-144060.0,2936438.112
2022-06-16,-154797.092,0.0,-820620.0,2271820.0,85320.0,0.0,85320.0,3247237.092
2022-06-17,2139847.066,0.0,-264540.0,2827900.0,-144900.0,700980.0,556080.0,952592.934
2022-06-20,1855530.676,90.0,-323940.0,2829250.0,1440.0,0.0,1350.0,1297659.324
2022-06-21,1600266.886,90.0,-378300.0,2833120.0,3960.0,0.0,3870.0,1611153.114
2022-06-22,1335012.997,90.0,-382260.0,2881510.0,48480.0,0.0,48390.0,1928757.003
2022-06-23,1179673.717,90.0,-479340.0,2838580.0,-42840.0,0.0,-42930.0,2138246.283
2022-06-24,907266.268,90.0,-558720.0,2809510.0,-28980.0,0.0,-29070.0,2460963.732
2022-06-27,667215.976,90.0,-667440.0,2752060.0,-57360.0,0.0,-57450.0,2752284.024
2022-06-28,397755.331,90.0,-797880.0,2671870.0,-80100.0,0.0,-80190.0,3071994.669
2022-06-29,-49131.56,90.0,-752100.0,2765500.0,93720.0,0.0,93630.0,3566731.56
2022-06-30,181442.71,0.0,-838200.0,2679400.0,-86100.0,0.0,-86100.0,3336157.29
2022-07-01,17075.74,0.0,-787560.0,2730040.0,50640.0,0.0,50640.0,3500524.26
2022-07-04,143496.247,0.0,-808980.0,2708620.0,-21420.0,0.0,-21420.0,3374103.753
2022-07-05,96410.179,0.0,-773880.0,2743720.0,35100.0,0.0,35100.0,3421189.821
2022-07-06,-81449.429,45.0,-709320.0,2849095.0,105420.0,0.0,105375.0,3639864.429
2022-07-07,76714.426,0.0,-705420.0,2852995.0,3900.0,0.0,3900.0,3481700.574
2022-07-08,46948.132,0.0,-663360.0,2895055.0,42060.0,0.0,42060.0,3511466.868
2022-07-11,43404.55,0.0,-566340.0,2992075.0,97020.0,0.0,97020.0,3515010.45
2022-07-12,97150.915,45.0,-566100.0,3024490.0,32460.0,0.0,32415.0,3493439.085
2022-07-13,30687.118,45.0,-569940.0,3053305.0,28860.0,0.0,28815.0,3592557.882
2022-07-14,53898.094,0.0,-536160.0,3087085.0,33780.0,0.0,33780.0,3569346.906
2022-07-15,3153301.942,0.0,-107340.0,3515905.0,-600.0,429420.0,428820.0,469943.058
2022-07-18,2880228.685,90.0,-166800.0,3517495.0,1680.0,0.0,1590.0,804066.315
2022-07-19,2648397.922,90.0,-223320.0,3521245.0,3840.0,0.0,3750.0,1096167.078
2022-07-20,2393810.743,90.0,-266040.0,3534355.0,13200.0,0.0,13110.0,1406584.257
2022-07-21,2204866.069,90.0,-324720.0,3530845.0,-3420.0,0.0,-3510.0,1650698.931
2022-07-22,1959860.848,90.0,-362700.0,3544915.0,14160.0,0.0,14070.0,1947754.152
2022-07-25,1779860.275,90.0,-404760.0,3554485.0,9660.0,0.0,9570.0,2179384.725
2022-07-26,1471997.329,90.0,-431640.0,3575935.0,21540.0,0.0,21450.0,2535577.671
2022-07-27,1289953.114,90.0,-478080.0,3577285.0,1440.0,0.0,1350.0,2765411.886
2022-07-28,1055384.599,90.0,-515940.0,3586435.0,9240.0,0.0,9150.0,3046990.401
2022-07-29,984124.723,90.0,-617880.0,3532765.0,-53580.0,0.0,-53670.0,3166520.277
2022-08-01,664579.855,90.0,-644100.0,3578755.0,46080.0,0.0,45990.0,3558275.145
2022-08-02,752149.096,90.0,-887940.0,3415105.0,-163560.0,0.0,-163650.0,3550895.904
2022-08-03,532271.98,90.0,-1009080.0,3369715.0,-45300.0,0.0,-45390.0,3846523.02
2022-08-04,179307.778,90.0,-937440.0,3510205.0,140580.0,0.0,140490.0,4268337.222
2022-08-05,-119659.643,90.0,-832080.0,3680515.0,170400.0,0.0,170310.0,4632254.643
2022-08-08,20506.831,0.0,-824340.0,3688255.0,7740.0,0.0,7740.0,4492088.169
2022-08-09,14730.676,0.0,-799920.0,3712675.0,24420.0,0.0,24420.0,4497864.324
2022-08-10,181894.117,0.0,-874140.0,3638455.0,-74220.0,0.0,-74220.0,4330700.883
2022-08-11,-207724.766,45.0,-728880.0,3811990.0,173580.0,0.0,173535.0,4748594.766
2022-08-12,-98228.456,0.0,-677460.0,3863410.0,51420.0,0.0,51420.0,4639098.456
2022-08-15,-32675.6,0.0,-648300.0,3892570.0,29160.0,0.0,29160.0,4573545.6
2022-08-16,20648.212,0.0,-627060.0,3913810.0,21240.0,0.0,21240.0,4520221.788
2022-08-17,-17606.48,0.0,-555960.0,3984910.0,71100.0,0.0,71100.0,4558476.48
2022-08-18,74573.188,0.0,-576420.0,3964450.0,-20460.0,0.0,-20460.0,4466296.812
2022-08-19,2971941.412,0.0,-259440.0,4281430.0,-10620.0,327600.0,316980.0,1568928.588
2022-08-22,2772100.168,90.0,-295320.0,4289260.0,7920.0,0.0,7830.0,1812479.832
2022-08-23,2517810.955,90.0,-325500.0,4301590.0,12420.0,0.0,12330.0,2109279.045
2022-08-24,2350247.077,90.0,-380640.0,4290160.0,-11340.0,0.0,-11430.0,2320552.923
2022-08-25,2094130.885,90.0,-380460.0,4330090.0,40020.0,0.0,39930.0,2616419.115
2022-08-26,1871452.702,90.0,-395820.0,4351900.0,21900.0,0.0,21810.0,2876267.298
2022-08-29,1683862.105,90.0,-438720.0,4345990.0,-5820.0,0.0,-5910.0,3100847.895
2022-08-30,1492320.415,90.0,-468360.0,4352020.0,6120.0,0.0,6030.0,3328059.585
2022-08-31,1261532.383,90.0,-496560.0,4359310.0,7380.0,0.0,7290.0,3594337.617
2022-09-01,1152841.276,90.0,-585660.0,4331800.0,-27420.0,0.0,-27510.0,3764618.724
2022-09-02,1011857.245,90.0,-679740.0,4300510.0,-31200.0,0.0,-31290.0,3968392.755
2022-09-05,795920.071,90.0,-729420.0,4313020.0,12600.0,0.0,12510.0,4246519.929
2022-09-06,425519.8,90.0,-674460.0,4425910.0,112980.0,0.0,112890.0,4674850.2
2022-09-07,259984.678,90.0,-691740.0,4465180.0,39360.0,0.0,39270.0,4896935.322
2022-09-08,118997.17,90.0,-732000.0,4479670.0,14580.0,0.0,14490.0,5092672.83
2022-09-09,-90769.22,45.0,-626160.0,4611025.0,131400.0,0.0,131355.0,5327954.22
2022-09-13,-13416.38,0.0,-577080.0,4660105.0,49080.0,0.0,49080.0,5250601.38
2022-09-14,54513.7,0.0,-575220.0,4661965.0,1860.0,0.0,1860.0,5182671.3
2022-09-15,257469.34,0.0,-670260.0,4566925.0,-95040.0,0.0,-95040.0,4979715.66
2022-09-16,3455791.948,45.0,-361320.0,4900000.0,-302640.0,635760.0,333075.0,1805528.052
2022-09-19,3263622.082,90.0,-396600.0,4912810.0,12900.0,0.0,12810.0,2045787.918
2022-09-20,3034791.646,90.0,-420120.0,4934080.0,21360.0,0.0,21270.0,2319408.354
2022-09-21,2909804.38,90.0,-513900.0,4887730.0,-46260.0,0.0,-46350.0,2491825.62
2022-09-22,2750942.254,90.0,-590580.0,4859320.0,-28320.0,0.0,-28410.0,2698957.746
2022-09-23,2547797.68,90.0,-620820.0,4873870.0,14640.0,0.0,14550.0,2946892.32
2022-09-26,2390096.344,90.0,-720420.0,4821220.0,-52560.0,0.0,-52650.0,3151543.656
2022-09-27,2002683.2275,90.0,-657480.0,4927150.0,106020.0,0.0,105930.0,3581946.7725
2022-09-28,1992454.285,90.0,-767580.0,4859020.0,-68040.0,0.0,-68130.0,3634145.715
2022-09-29,1761125.587,90.0,-792840.0,4874530.0,15600.0,0.0,15510.0,3906244.413
2022-09-30,1628933.479,90.0,-860520.0,4845580.0,-28860.0,0.0,-28950.0,4077166.521
2022-10-10,1625680.021,90.0,-1163520.0,4602250.0,-243240.0,0.0,-243330.0,4140089.979
2022-10-11,1253984.785,90.0,-1168380.0,4653880.0,51720.0,0.0,51630.0,4568275.215
2022-10-12,925833.8635,90.0,-1020660.0,4856230.0,202440.0,0.0,202350.0,4951056.1365
2022-10-13,879228.676,90.0,-1163580.0,4768840.0,-87300.0,0.0,-87390.0,5053191.324
2022-10-14,452724.7195,90.0,-910140.0,5073850.0,305100.0,0.0,305010.0,5531265.2805
2022-10-17,407124.781,90.0,-922980.0,5110600.0,36840.0,0.0,36750.0,5626455.219
2022-10-18,237777.6565,90.0,-951300.0,5128930.0,18420.0,0.0,18330.0,5842452.3435
2022-10-19,240437.3035,90.0,-1178820.0,4948000.0,-180840.0,0.0,-180930.0,5886382.6965
2022-10-20,115218.07,45.0,-1296060.0,4855255.0,-92700.0,0.0,-92745.0,6036096.93
2022-10-21,3956687.191,0.0,-439440.0,5711875.0,-57180.0,913800.0,856620.0,2194627.809
2022-10-24,3981722.2975,90.0,-644460.0,5565385.0,-146400.0,0.0,-146490.0,2228122.7025
2022-10-25,3684501.5395,90.0,-667140.0,5596255.0,30960.0,0.0,30870.0,2578893.4605
2022-10-26,3438224.611,90.0,-630360.0,5679805.0,83640.0,0.0,83550.0,2871940.389
2022-10-27,3349144.1965,90.0,-674880.0,5678995.0,-720.0,0.0,-810.0,3004730.8035
2022-10-28,3351261.988,90.0,-918300.0,5483245.0,-195660.0,0.0,-195750.0,3050283.012
2022-10-31,3064713.7375,90.0,-1083720.0,5366935.0,-116220.0,0.0,-116310.0,3385941.2625
2022-11-01,2559374.851,90.0,-810300.0,5707045.0,340200.0,0.0,340110.0,3957970.149
2022-11-02,2519638.942,90.0,-796740.0,5783335.0,76380.0,0.0,76290.0,4060436.058
2022-11-03,2379052.0945,90.0,-872940.0,5770105.0,-13140.0,0.0,-13230.0,4263992.9055
2022-11-04,2190087.85,90.0,-973680.0,5735695.0,-34320.0,0.0,-34410.0,4519287.15
2022-11-07,1828716.844,90.0,-1026720.0,5747305.0,11700.0,0.0,11610.0,4945308.156
2022-11-08,1567063.42,90.0,-1007040.0,5828635.0,81420.0,0.0,81330.0,5268611.58
2022-11-09,1479794.254,90.0,-1035840.0,5862325.0,33780.0,0.0,33690.0,5418370.746
2022-11-10,1375424.11,90.0,-1072560.0,5886235.0,24000.0,0.0,23910.0,5583370.89
2022-11-11,1269376.795,90.0,-1161480.0,5856025.0,-30120.0,0.0,-30210.0,5748128.205
2022-11-14,850777.213,90.0,-1203300.0,5873035.0,17100.0,0.0,17010.0,6225557.787
2022-11-15,986653.201,90.0,-1520640.0,5614345.0,-258600.0,0.0,-258690.0,6148331.799
2022-11-16,259884.502,90.0,-1398360.0,5793175.0,178920.0,0.0,178830.0,6931650.498
2022-11-17,190823.059,90.0,-1312320.0,5933605.0,140520.0,0.0,140430.0,7055101.941
2022-11-18,3507123.04,90.0,-784860.0,6513115.0,67320.0,512280.0,579510.0,3790851.96
2022-11-21,3334231.33,90.0,-793980.0,6554485.0,41460.0,0.0,41370.0,4014233.67
2022-11-22,3186516.796,90.0,-832380.0,6565315.0,10920.0,0.0,10830.0,4211178.204
2022-11-23,2981136.676,90.0,-866880.0,6579745.0,14520.0,0.0,14430.0,4465488.324
2022-11-24,2752413.844,90.0,-914640.0,6580915.0,1260.0,0.0,1170.0,4743141.156
2022-11-25,2572362.412,90.0,-928560.0,6613705.0,32880.0,0.0,32790.0,4969902.588
2022-11-28,2385796.12,90.0,-939360.0,6647575.0,33960.0,0.0,33870.0,5201138.88
2022-11-29,2476921.48,90.0,-1104600.0,6527305.0,-120180.0,0.0,-120270.0,5154983.52
2022-11-30,2019281.776,90.0,-1102560.0,6571675.0,44460.0,0.0,44370.0,5654953.224
2022-12-01,2079578.41,90.0,-1285740.0,6460825.0,-110760.0,0.0,-110850.0,5666986.59
2022-12-02,1552680.994,90.0,-1221960.0,6594295.0,133560.0,0.0,133470.0,6263574.006
2022-12-05,1927975.33,90.0,-1551060.0,6333745.0,-260460.0,0.0,-260550.0,5956829.67
2022-12-06,1436685.1,90.0,-1694760.0,6255715.0,-77940.0,0.0,-78030.0,6513789.9
2022-12-07,1052824.027,90.0,-1678260.0,6335665.0,80040.0,0.0,79950.0,6961100.973
2022-12-08,920346.052,90.0,-1769220.0,6307315.0,-28260.0,0.0,-28350.0,7156188.948
2022-12-09,836165.776,90.0,-2011860.0,6124765.0,-182460.0,0.0,-182550.0,7300459.224
2022-12-12,116950.84,90.0,-1781160.0,6413695.0,289020.0,0.0,288930.0,8077904.16
2022-12-13,164349.637,90.0,-1774020.0,6478525.0,64920.0,0.0,64830.0,8088195.363
2022-12-14,52261.849,90.0,-1856460.0,6452995.0,-25440.0,0.0,-25530.0,8257193.151
2022-12-15,47841.061,0.0,-1769880.0,6539575.0,86580.0,0.0,86580.0,8261613.939
2022-12-16,5458926.7,0.0,-509520.0,7799935.0,116880.0,1143480.0,1260360.0,2850528.3
2022-12-19,5352539.29,90.0,-538500.0,7818385.0,18540.0,0.0,18450.0,3004345.71
2022-12-20,5375353.816,90.0,-645240.0,7760875.0,-57420.0,0.0,-57510.0,3030761.184
2022-12-21,5133071.746,90.0,-675360.0,7778005.0,17220.0,0.0,17130.0,3320293.254
2022-12-22,4903765.144,90.0,-685200.0,7813375.0,35460.0,0.0,35370.0,3594809.856
2022-12-23,4746575.2,90.0,-760440.0,7784785.0,-28500.0,0.0,-28590.0,3798649.8
2022-12-26,4425619.192,90.0,-762660.0,7826875.0,42180.0,0.0,42090.0,4163915.808
2022-12-27,4145265.526,90.0,-731520.0,7899025.0,72240.0,0.0,72150.0,4485279.474
2022-12-28,3971775.4,90.0,-753780.0,7917055.0,18120.0,0.0,18030.0,4699059.6
2022-12-29,3796192.954,90.0,-787140.0,7922485.0,5520.0,0.0,5430.0,4913432.046
2022-12-30,3581553.88,90.0,-760620.0,7985455.0,63060.0,0.0,62970.0,5164521.12
2023-01-03,3384997.132,90.0,-780300.0,8020825.0,35460.0,0.0,35370.0,5416127.868
2023-01-04,3165370.816,90.0,-807180.0,8047195.0,26460.0,0.0,26370.0,5689004.184
2023-01-05,3150859.834,90.0,-944700.0,7962625.0,-84480.0,0.0,-84570.0,5756465.166
2023-01-06,2805715.192,90.0,-1016940.0,7942675.0,-19860.0,0.0,-19950.0,6153899.808
2023-01-09,2748488.8,90.0,-1150140.0,7864645.0,-77940.0,0.0,-78030.0,6266296.2
2023-01-10,2412203.284,90.0,-1202460.0,7865275.0,720.0,0.0,630.0,6655531.716
2023-01-11,2116847.896,90.0,-1200900.0,7917805.0,52620.0,0.0,52530.0,7001857.104
2023-01-12,1995344.368,90.0,-1258080.0,7911415.0,-6300.0,0.0,-6390.0,7174150.632
2023-01-13,2173190.476,90.0,-1662780.0,7555345.0,-355980.0,0.0,-356070.0,7044934.524
2023-01-16,1887314.524,90.0,-2147460.0,7120795.0,-434460.0,0.0,-434550.0,7380940.476
2023-01-17,1018350.988,90.0,-2181420.0,7136665.0,15960.0,0.0,15870.0,8299734.012
2023-01-18,811273.18,90.0,-2171640.0,7196575.0,60000.0,0.0,59910.0,8556941.82
2023-01-19,734368.582,90.0,-2421480.0,6997945.0,-198540.0,0.0,-198630.0,8685056.418
2023-01-20,5617021.315,90.0,-922440.0,8544415.0,-139620.0,1686180.0,1546470.0,3849833.685
2023-01-30,5384160.373,90.0,-903960.0,8601325.0,57000.0,0.0,56910.0,4121124.627
2023-01-31,5060317.9,90.0,-835560.0,8706535.0,105300.0,0.0,105210.0,4481777.1
2023-02-01,5073176.926,90.0,-960240.0,8643445.0,-63000.0,0.0,-63090.0,4530508.074
2023-02-02,4693424.662,90.0,-965280.0,8698675.0,55320.0,0.0,55230.0,4970530.338
2023-02-03,4447575.046,90.0,-936600.0,8786965.0,88380.0,0.0,88290.0,5275989.954
2023-02-06,4365989.98,90.0,-901440.0,8879395.0,92520.0,0.0,92430.0,5414845.02
2023-02-07,4271008.696,90.0,-921960.0,8914405.0,35100.0,0.0,35010.0,5565356.304
2023-02-08,4075317.46,90.0,-917760.0,8970475.0,56160.0,0.0,56070.0,5812917.54
2023-02-09,3895621.798,90.0,-995040.0,8944345.0,-26040.0,0.0,-26130.0,6043763.202
2023-02-10,3551067.46,90.0,-959820.0,9028555.0,84300.0,0.0,84210.0,6437307.54
2023-02-13,3429786.832,90.0,-1037160.0,8999065.0,-29400.0,0.0,-29490.0,6606438.168
2023-02-14,3107979.88,90.0,-1074960.0,9007975.0,9000.0,0.0,8910.0,6974955.12
2023-02-15,2881585.498,90.0,-1013640.0,9113965.0,106080.0,0.0,105990.0,7246019.502
2023-02-16,2788334.176,90.0,-1040580.0,9132355.0,18480.0,0.0,18390.0,7384600.824
2023-02-17,6768787.372,90.0,-645000.0,9571405.0,-1860.0,441000.0,439050.0,3447617.628
2023-02-20,6324589.12,90.0,-628380.0,9631555.0,60240.0,0.0,60150.0,3935345.88
2023-02-21,6063438.28,90.0,-677340.0,9626545.0,-4920.0,0.0,-5010.0,4240446.72
2023-02-22,5809395.544,90.0,-688740.0,9656755.0,30300.0,0.0,30210.0,4536099.456
2023-02-23,5631629.278,90.0,-699000.0,9686065.0,29400.0,0.0,29310.0,4753435.722
2023-02-24,5593685.056,90.0,-755040.0,9668335.0,-17640.0,0.0,-17730.0,4829689.944
2023-02-27,5463499.822,90.0,-806640.0,9654805.0,-13440.0,0.0,-13530.0,4997945.178
2023-02-28,5119290.4,90.0,-741240.0,9755515.0,100800.0,0.0,100710.0,5377464.6
2023-03-01,4873374.388,90.0,-785820.0,9771385.0,15960.0,0.0,15870.0,5683830.612
2023-03-02,4568757.46,90.0,-815160.0,9802435.0,31140.0,0.0,31050.0,6048837.54
2023-03-03,4386223.144,90.0,-848580.0,9827905.0,25560.0,0.0,25470.0,6290261.856
2023-03-06,4127153.368,90.0,-843120.0,9890215.0,62400.0,0.0,62310.0,6606181.632
2023-03-07,4214200.45,90.0,-984960.0,9804445.0,-85680.0,0.0,-85770.0,6575204.55
2023-03-08,4091325.976,90.0,-1049760.0,9794935.0,-9420.0,0.0,-9510.0,6753369.024
2023-03-09,3974951.776,90.0,-1112040.0,9786565.0,-8280.0,0.0,-8370.0,6923653.224
2023-03-10,4154088.235,90.0,-1433460.0,9519595.0,-266880.0,0.0,-266970.0,6798966.765
2023-03-13,3451956.352,90.0,-1204200.0,9800725.0,281220.0,0.0,281130.0,7552968.648
2023-03-14,3583335.1,90.0,-1363140.0,9693475.0,-107160.0,0.0,-107250.0,7473279.9
2023-03-15,3286105.852,90.0,-1358160.0,9746425.0,53040.0,0.0,52950.0,7818479.148
2023-03-16,3452925.16,90.0,-1735440.0,9417895.0,-328440.0,0.0,-328530.0,7700409.84
2023-03-17,7712806.87,90.0,-663300.0,10535605.0,270720.0,847080.0,1117710.0,3486098.13
2023-03-20,7579754.086,90.0,-736560.0,10507795.0,-27720.0,0.0,-27810.0,3664600.914
2023-03-21,7235701.48,90.0,-709680.0,10577905.0,70200.0,0.0,70110.0,4051883.52
2023-03-22,6996369.448,90.0,-725760.0,10603315.0,25500.0,0.0,25410.0,4332705.552
2023-03-23,6810253.996,90.0,-722940.0,10644985.0,41760.0,0.0,41670.0,4557671.004
2023-03-24,6568365.76,90.0,-742080.0,10664155.0,19260.0,0.0,19170.0,4837869.24
2023-03-27,6353442.292,90.0,-760620.0,10682785.0,18720.0,0.0,18630.0,5089962.708
2023-03-28,6138389.56,90.0,-780360.0,10698895.0,16200.0,0.0,16110.0,5340865.44
2023-03-29,5937912.478,90.0,-802980.0,10711405.0,12600.0,0.0,12510.0,5576472.522
2023-03-30,5751375.76,90.0,-826860.0,10721035.0,9720.0,0.0,9630.0,5796519.24
2023-03-31,5496105.184,90.0,-847020.0,10733545.0,12600.0,0.0,12510.0,6084459.816
2023-04-03,5429365.912,90.0,-942240.0,10690735.0,-42720.0,0.0,-42810.0,6203609.088
2023-04-04,5144536.36,90.0,-1056000.0,10629565.0,-61080.0,0.0,-61170.0,6541028.64
2023-04-06,4785634.888,90.0,-1035300.0,10701955.0,72480.0,0.0,72390.0,6951620.112
2023-04-07,4795219.51,90.0,-1152780.0,10635445.0,-66420.0,0.0,-66510.0,6993005.49
2023-04-10,4309649.728,90.0,-1092120.0,10744135.0,108780.0,0.0,108690.0,7526605.272
2023-04-11,4170681.718,90.0,-1053600.0,10828405.0,84360.0,0.0,84270.0,7711323.282
2023-04-12,4008419.02,90.0,-1033920.0,10892395.0,64080.0,0.0,63990.0,7917895.98
2023-04-13,3769292.284,90.0,-951540.0,11017465.0,125160.0,0.0,125070.0,8199712.716
2023-04-14,3767853.208,90.0,-1014300.0,10994695.0,-22680.0,0.0,-22770.0,8241141.792
2023-04-17,3889694.536,90.0,-1406280.0,10644265.0,-350340.0,0.0,-350430.0,8160850.464
2023-04-18,3313938.856,90.0,-1440480.0,10649395.0,5220.0,0.0,5130.0,8775936.144
2023-04-19,2708324.89,90.0,-1222020.0,10906225.0,256920.0,0.0,256830.0,9419920.11
2023-04-20,2698949.056,90.0,-1111800.0,11051815.0,145680.0,0.0,145590.0,9464665.944
2023-04-21,8522186.632,90.0,-555120.0,11645305.0,222060.0,371520.0,593490.0,3678238.368
2023-04-24,8512271.47,90.0,-694740.0,11542735.0,-102480.0,0.0,-102570.0,3725203.53
2023-04-25,8306431.456,90.0,-773880.0,11501725.0,-40920.0,0.0,-41010.0,3969173.544
2023-04-26,8066309.914,90.0,-814560.0,11497375.0,-4260.0,0.0,-4350.0,4245625.086
2023-04-27,7715036.416,90.0,-740520.0,11603605.0,106320.0,0.0,106230.0,4629088.584
2023-04-28,7426814.77,90.0,-651840.0,11721355.0,117840.0,0.0,117750.0,4946380.23
2023-05-04,7255012.48,90.0,-656520.0,11764465.0,43200.0,0.0,43110.0,5165972.52
2023-05-05,7107808.234,90.0,-673200.0,11792575.0,28200.0,0.0,28110.0,5357966.766
2023-05-08,6797669.392,90.0,-656880.0,11854345.0,61860.0,0.0,61770.0,5713555.608
2023-05-09,6650506.828,90.0,-735180.0,11822935.0,-31320.0,0.0,-31410.0,5907608.172
2023-05-10,6551367.424,90.0,-842340.0,11760565.0,-62280.0,0.0,-62370.0,6051537.576
2023-05-11,6331409.44,90.0,-871320.0,11774335.0,13860.0,0.0,13770.0,6314245.56
2023-05-12,6462541.699,90.0,-1152900.0,11536465.0,-237780.0,0.0,-237870.0,6226823.301
2023-05-15,5698870.876,90.0,-885720.0,11845015.0,308640.0,0.0,308550.0,7031864.124
2023-05-16,5778658.864,90.0,-969780.0,11802565.0,-42360.0,0.0,-42450.0,6993686.136
2023-05-17,5654918.104,90.0,-1104900.0,11708995.0,-93480.0,0.0,-93570.0,7158976.896
2023-05-18,5367747.4,90.0,-1150200.0,11702725.0,-6180.0,0.0,-6270.0,7485177.6
2023-05-19,9719859.448,90.0,-483180.0,12406975.0,-7080.0,711420.0,704250.0,3170295.552
2023-05-22,9475888.636,90.0,-471540.0,12452725.0,45840.0,0.0,45750.0,3448376.364
2023-05-23,9428342.212,90.0,-595860.0,12363895.0,-88740.0,0.0,-88830.0,3531412.788
2023-05-24,9372810.97,90.0,-763680.0,12232825.0,-130980.0,0.0,-131070.0,3623694.03
2023-05-25,9089235.5275,90.0,-824220.0,12207955.0,-24780.0,0.0,-24870.0,3942939.4725
2023-05-26,8804625.25,90.0,-825720.0,12238405.0,30540.0,0.0,30450.0,4259499.75
2023-05-29,8714963.4115,90.0,-891180.0,12205015.0,-33300.0,0.0,-33390.0,4381231.5885
2023-05-30,8449064.068,90.0,-898320.0,12228145.0,23220.0,0.0,23130.0,4677400.932
2023-05-31,8397045.412,90.0,-1053960.0,12103435.0,-124620.0,0.0,-124710.0,4760349.588
2023-06-01,8064422.194,90.0,-1077180.0,12131605.0,28260.0,0.0,28170.0,5144362.806
2023-06-02,7680228.712,90.0,-906060.0,12352435.0,220920.0,0.0,220830.0,5578266.288
2023-06-05,7642660.8505,90.0,-977460.0,12329245.0,-23100.0,0.0,-23190.0,5664044.1495
2023-06-06,7578834.316,90.0,-1171200.0,12183895.0,-145260.0,0.0,-145350.0,5776260.684
2023-06-07,7341997.018,90.0,-1307580.0,12098005.0,-85800.0,0.0,-85890.0,6063587.982
2023-06-08,6925614.043,90.0,-1183020.0,12269515.0,171600.0,0.0,171510.0,6526920.957
2023-06-09,6762560.0275,90.0,-1103160.0,12395905.0,126480.0,0.0,126390.0,6736504.9725
2023-06-12,6600500.449,90.0,-1111920.0,12432175.0,36360.0,0.0,36270.0,6943594.551
2023-06-13,6387444.844,90.0,-1007040.0,12578905.0,146820.0,0.0,146730.0,7198500.156
2023-06-14,6269936.5,90.0,-1024800.0,12602275.0,23460.0,0.0,23370.0,7357138.5
2023-06-15,6120968.518,90.0,-913440.0,12754825.0,152640.0,0.0,152550.0,7547296.482
2023-06-16,10778218.672,90.0,-552240.0,13154875.0,16080.0,384060.0,400050.0,2928896.328
2023-06-19,10385617.888,90.0,-561240.0,13187065.0,32280.0,0.0,32190.0,3362687.112
2023-06-20,10198422.844,90.0,-562620.0,13223695.0,36720.0,0.0,36630.0,3587892.156
2023-06-21,9885418.9,90.0,-600660.0,13223305.0,-300.0,0.0,-390.0,3938546.1
2023-06-26,9765810.832,90.0,-685860.0,13175755.0,-47460.0,0.0,-47550.0,4095804.168
2023-06-27,9474504.736,90.0,-651060.0,13246465.0,70800.0,0.0,70710.0,4423020.264
2023-06-28,9294970.288,90.0,-669840.0,13262635.0,16260.0,0.0,16170.0,4637504.712
2023-06-29,9136843.246,90.0,-703200.0,13262245.0,-300.0,0.0,-390.0,4828601.754
2023-06-30,8886058.96,90.0,-677820.0,13319395.0,57240.0,0.0,57150.0,5111156.04
2023-07-03,8825546.914,90.0,-684720.0,13361485.0,42180.0,0.0,42090.0,5220658.086
2023-07-04,8593570.528,90.0,-727920.0,13366015.0,4620.0,0.0,4530.0,5500364.472
2023-07-05,8270964.466,90.0,-749580.0,13390585.0,24660.0,0.0,24570.0,5869200.534
2023-07-06,8069778.304,90.0,-810180.0,13377595.0,-12900.0,0.0,-12990.0,6117996.696
2023-07-07,7936447.63,90.0,-878520.0,13358425.0,-19080.0,0.0,-19170.0,6300497.37
2023-07-10,7634751.892,90.0,-838680.0,13443595.0,85260.0,0.0,85170.0,6647523.108
2023-07-11,7525022.872,90.0,-807900.0,13517305.0,73800.0,0.0,73710.0,6800182.128
2023-07-12,7270701.232,90.0,-855540.0,13512655.0,-4560.0,0.0,-4650.0,7097493.768
2023-07-13,7278207.844,90.0,-882060.0,13528045.0,15480.0,0.0,15390.0,7131897.156
2023-07-14,6972385.12,90.0,-901320.0,13549615.0,21660.0,0.0,21570.0,7478549.88
2023-07-17,6626481.028,90.0,-826260.0,13663705.0,114180.0,0.0,114090.0,7863483.972
2023-07-18,6512307.832,90.0,-825300.0,13702975.0,39360.0,0.0,39270.0,8015967.168
2023-07-19,6330123.316,90.0,-844140.0,13723045.0,20160.0,0.0,20070.0,8237061.684
2023-07-20,6291060.148,90.0,-864780.0,13741435.0,18480.0,0.0,18390.0,8315154.852
2023-07-21,10783136.86,90.0,-559740.0,14083345.0,71100.0,270900.0,341910.0,3859948.14
2023-07-24,10651578.4,90.0,-602400.0,14075575.0,-7680.0,0.0,-7770.0,4026396.6
2023-07-25,10489407.61,90.0,-659220.0,14053705.0,-21780.0,0.0,-21870.0,4223517.39
2023-07-26,10087079.596,90.0,-669420.0,14077375.0,23760.0,0.0,23670.0,4659715.404
2023-07-27,9859501.468,90.0,-658380.0,14120125.0,42840.0,0.0,42750.0,4919003.532
2023-07-28,10188323.08,90.0,-1008300.0,13805455.0,-314580.0,0.0,-314670.0,4625431.92
2023-07-31,9659264.548,90.0,-1144860.0,13706545.0,-98820.0,0.0,-98910.0,5192140.452
2023-08-01,9186308.068,90.0,-1091640.0,13815415.0,108960.0,0.0,108870.0,5720746.932
2023-08-02,8953948.12,90.0,-1026900.0,13936045.0,120720.0,0.0,120630.0,6008996.88
2023-08-03,9066270.28,90.0,-1181400.0,13838455.0,-97500.0,0.0,-97590.0,5953584.72
2023-08-04,8784840.421,90.0,-1297440.0,13778125.0,-60240.0,0.0,-60330.0,6290724.579
2023-08-07,8247454.468,90.0,-1246620.0,13883875.0,105840.0,0.0,105750.0,6883040.532
2023-08-08,8149132.558,90.0,-1221120.0,13962865.0,79080.0,0.0,78990.0,7034852.442
2023-08-09,7964458.744,90.0,-1230180.0,14007295.0,44520.0,0.0,44430.0,7273016.256
2023-08-10,7836336.292,90.0,-1253280.0,14038285.0,31080.0,0.0,30990.0,7455228.708
2023-08-11,7398228.28,90.0,-1085340.0,14257375.0,219180.0,0.0,219090.0,7944486.72
2023-08-14,7593053.782,90.0,-1027920.0,14361205.0,103920.0,0.0,103830.0,7796071.218
2023-08-15,7567936.828,90.0,-1031340.0,14402335.0,41220.0,0.0,41130.0,7865738.172
2023-08-16,7620300.814,90.0,-1184820.0,14294965.0,-107280.0,0.0,-107370.0,7859484.186
2023-08-17,7251567.808,90.0,-1121700.0,14404675.0,109800.0,0.0,109710.0,8274807.192
2023-08-18,12131670.28,90.0,-856980.0,14714965.0,-152160.0,462540.0,310290.0,3440274.72
2023-08-21,11972186.536,90.0,-1052940.0,14567155.0,-147720.0,0.0,-147810.0,3647908.464
2023-08-22,11584986.28,90.0,-1005420.0,14658445.0,91380.0,0.0,91290.0,4078878.72
2023-08-23,11563962.6565,90.0,-1236900.0,14471995.0,-186360.0,0.0,-186450.0,4144932.3435
2023-08-24,11193203.716,90.0,-1157520.0,14592985.0,121080.0,0.0,120990.0,4557301.284
2023-08-25,11065526.5135,90.0,-1240020.0,14552695.0,-40200.0,0.0,-40290.0,4727188.4865
2023-08-28,10773221.164,90.0,-1199640.0,14637625.0,85020.0,0.0,84930.0,5064043.836
2023-08-29,10546934.272,90.0,-1089660.0,14787475.0,149940.0,0.0,149850.0,5330200.728
2023-08-30,10435142.119,90.0,-1058940.0,14853865.0,66480.0,0.0,66390.0,5477662.881
2023-08-31,10306796.467,90.0,-1088400.0,14857435.0,3660.0,0.0,3570.0,5639038.533
2023-09-01,10099744.03,90.0,-1058880.0,14941105.0,83760.0,0.0,83670.0,5900240.97
2023-09-04,9926332.69,90.0,-1014540.0,15037135.0,96120.0,0.0,96030.0,6125342.31
2023-09-05,9726520.348,90.0,-1040700.0,15061225.0,24180.0,0.0,24090.0,6375404.652
2023-09-06,9571649.302,90.0,-1067220.0,15083875.0,22740.0,0.0,22650.0,6579445.698
2023-09-07,9436031.092,90.0,-1219020.0,14982145.0,-101640.0,0.0,-101730.0,6765133.908
2023-09-08,9246578.674,90.0,-1340220.0,14911315.0,-70740.0,0.0,-70830.0,7004956.326
2023-09-11,8934953.083,90.0,-1210380.0,15087985.0,176760.0,0.0,176670.0,7363411.917
2023-09-12,8848879.18,90.0,-1222800.0,15120775.0,32880.0,0.0,32790.0,7494695.82
2023-09-13,8738679.34,90.0,-1349160.0,15038065.0,-82620.0,0.0,-82710.0,7648545.66
2023-09-14,8478089.692,90.0,-1370700.0,15059215.0,21240.0,0.0,21150.0,7951825.308
2023-09-15,13724213.098,90.0,-481800.0,15989665.0,-93720.0,1024260.0,930450.0,2747251.902
2023-09-18,13474742.848,90.0,-495600.0,16015615.0,26040.0,0.0,25950.0,3036472.152
2023-09-19,13291774.75,90.0,-533940.0,16017205.0,1680.0,0.0,1590.0,3259370.25
2023-09-20,13117217.716,90.0,-575280.0,16014775.0,-2340.0,0.0,-2430.0,3472837.284
2023-09-21,13039749.46,90.0,-662940.0,15966505.0,-48180.0,0.0,-48270.0,3589695.54
2023-09-22,12614849.512,90.0,-656640.0,16012255.0,45840.0,0.0,45750.0,4054045.488
2023-09-25,12436525.876,90.0,-670500.0,16036105.0,23940.0,0.0,23850.0,4270079.124
2023-09-26,12326977.564,90.0,-711600.0,16031095.0,-4920.0,0.0,-5010.0,4415717.436
2023-09-27,12089584.708,90.0,-717480.0,16060525.0,29520.0,0.0,29430.0,4688420.292
2023-09-28,11944588.12,90.0,-752820.0,16059235.0,-1200.0,0.0,-1290.0,4867466.88
2023-10-09,11756968.288,90.0,-647100.0,16209205.0,150060.0,0.0,149970.0,5099336.712
2023-10-10,11853863.914,90.0,-733440.0,16165435.0,-43680.0,0.0,-43770.0,5045011.086
2023-10-11,11578974.928,90.0,-710160.0,16230625.0,65280.0,0.0,65190.0,5361810.072
2023-10-12,11244105.448,90.0,-626340.0,16353895.0,123360.0,0.0,123270.0,5736129.552
2023-10-13,11298817.216,90.0,-737880.0,16282345.0,-71460.0,0.0,-71550.0,5721407.784
2023-10-16,11304446.932,90.0,-968580.0,16093075.0,-189180.0,0.0,-189270.0,5757208.068
2023-10-17,10855782.454,90.0,-915960.0,16184785.0,91800.0,0.0,91710.0,6244962.546
2023-10-18,10924537.864,90.0,-1103820.0,16034935.0,-149760.0,0.0,-149850.0,6214217.136
2023-10-19,11096828.398,90.0,-1710540.0,15470305.0,-564540.0,0.0,-564630.0,6084016.602
2023-10-20,14951494.615,90.0,-543960.0,16678915.0,-180480.0,1389180.0,1208610.0,2271380.385
2023-10-23,14808421.8805,90.0,-659760.0,16605685.0,-73140.0,0.0,-73230.0,2457023.1195
2023-10-24,14519334.298,90.0,-647880.0,16657315.0,51720.0,0.0,51630.0,2785860.702
2023-10-25,14317645.51,90.0,-604500.0,16735225.0,78000.0,0.0,77910.0,3022079.49
2023-10-26,14170517.464,90.0,-594840.0,16776895.0,41760.0,0.0,41670.0,3201217.536
2023-10-27,13953199.15,90.0,-546960.0,16855225.0,78420.0,0.0,78330.0,3448985.85
2023-10-30,13773662.224,90.0,-552720.0,16878055.0,22920.0,0.0,22830.0,3657112.776
2023-10-31,13574206.084,90.0,-567900.0,16891045.0,13080.0,0.0,12990.0,3884738.916
2023-11-01,13391868.952,90.0,-601080.0,16904155.0,13200.0,0.0,13110.0,4113366.048
2023-11-02,13191531.118,90.0,-628620.0,16920685.0,16620.0,0.0,16530.0,4357773.882
2023-11-03,13028228.32,90.0,-643500.0,16949035.0,28440.0,0.0,28350.0,4564306.68
2023-11-06,12869265.736,90.0,-732960.0,16902925.0,-46020.0,0.0,-46110.0,4766619.264
2023-11-07,12533118.652,90.0,-737160.0,16942555.0,39720.0,0.0,39630.0,5146596.348
2023-11-08,12352168.996,90.0,-752160.0,16970545.0,28080.0,0.0,27990.0,5370536.004
2023-11-09,12185654.008,90.0,-786900.0,16978555.0,8100.0,0.0,8010.0,5579800.992
2023-11-10,11968591.6,90.0,-786540.0,17021125.0,42660.0,0.0,42570.0,5839073.4
2023-11-13,11851606.312,90.0,-791520.0,17056135.0,35100.0,0.0,35010.0,5996048.688
2023-11-14,11681351.518,90.0,-808080.0,17078725.0,22680.0,0.0,22590.0,6205453.482
2023-11-15,11474520.328,90.0,-829320.0,17096395.0,17760.0,0.0,17670.0,6451194.672
2023-11-16,11275473.394,90.0,-814020.0,17148385.0,52080.0,0.0,51990.0,6686931.606
2023-11-17,14849308.252,90.0,-457440.0,17539075.0,31860.0,358920.0,390690.0,3147206.748
2023-11-20,14656425.52,90.0,-456420.0,17572165.0,33180.0,0.0,33090.0,3372159.48
2023-11-21,14466942.49,90.0,-471540.0,17587915.0,15840.0,0.0,15750.0,3592512.51
2023-11-22,14355602.536,90.0,-526320.0,17563765.0,-24060.0,0.0,-24150.0,3734482.464
2023-11-23,14110129.876,90.0,-524760.0,17594935.0,31260.0,0.0,31170.0,4009565.124
2023-11-24,13992075.988,90.0,-563760.0,17584165.0,-10680.0,0.0,-10770.0,4155849.012
2023-11-27,13937918.842,90.0,-629220.0,17546515.0,-37560.0,0.0,-37650.0,4237816.158
2023-11-28,13691742.76,90.0,-627420.0,17574745.0,28320.0,0.0,28230.0,4510422.24
2023-11-29,13663419.778,90.0,-704280.0,17523115.0,-51540.0,0.0,-51630.0,4563975.222
2023-11-30,13387280.884,90.0,-689400.0,17562385.0,39360.0,0.0,39270.0,4864504.116
2023-12-01,13306674.166,90.0,-786480.0,17511055.0,-51240.0,0.0,-51330.0,4990860.834
2023-12-04,13217549.7475,90.0,-941700.0,17400205.0,-110760.0,0.0,-110850.0,5124355.2525
2023-12-05,13282730.95,90.0,-1476420.0,16914415.0,-485700.0,0.0,-485790.0,5108104.05
2023-12-06,12664145.3455,90.0,-1401720.0,17035285.0,120960.0,0.0,120870.0,5772859.6545
2023-12-07,12618604.87,90.0,-1476540.0,17006515.0,-28680.0,0.0,-28770.0,5864450.13
2023-12-08,12367937.1355,90.0,-1457340.0,17070505.0,64080.0,0.0,63990.0,6159907.8645
2023-12-11,12153771.145,90.0,-1339380.0,17232715.0,162300.0,0.0,162210.0,6418323.855
2023-12-12,12040568.302,90.0,-1310760.0,17304565.0,71940.0,0.0,71850.0,6574756.698
2023-12-13,12119361.73,90.0,-1755900.0,16902595.0,-401880.0,0.0,-401970.0,6539133.27
2023-12-14,11713685.05,90.0,-1895700.0,16805065.0,-97440.0,0.0,-97530.0,6987079.95
2023-12-15,16229578.216,90.0,-504480.0,18237295.0,-37020.0,1469340.0,1432230.0,2512196.784
2023-12-18,16084804.2415,90.0,-540900.0,18240865.0,3660.0,0.0,3570.0,2696960.7585
2023-12-19,15886589.074,90.0,-575820.0,18246415.0,5640.0,0.0,5550.0,2935645.926
2023-12-20,15820482.43,90.0,-668280.0,18194365.0,-51960.0,0.0,-52050.0,3042162.57
2023-12-21,15490594.273,90.0,-620400.0,18279955.0,85680.0,0.0,85590.0,3409760.727
2023-12-22,15329431.972,90.0,-630420.0,18306205.0,26340.0,0.0,26250.0,3607193.028
2023-12-25,15106393.738,90.0,-621900.0,18348355.0,42240.0,0.0,42150.0,3863861.262
2023-12-26,15045108.118,90.0,-681540.0,18323485.0,-24780.0,0.0,-24870.0,3959916.882
2023-12-27,14803746.772,90.0,-705660.0,18333175.0,9780.0,0.0,9690.0,4235088.228
2023-12-28,14641025.62,90.0,-750960.0,18321505.0,-11580.0,0.0,-11670.0,4431439.38
2023-12-29,14407902.832,90.0,-746640.0,18357595.0,36180.0,0.0,36090.0,4696332.168
2024-01-02,14096819.932,90.0,-686340.0,18464965.0,107460.0,0.0,107370.0,5054485.068
2024-01-03,14066539.834,90.0,-719640.0,18477595.0,12720.0,0.0,12630.0,5130695.166
2024-01-04,13915385.776,90.0,-786780.0,18455605.0,-21900.0,0.0,-21990.0,5326999.224
2024-01-05,13850654.5285,90.0,-849180.0,18438535.0,-16980.0,0.0,-17070.0,5437060.4715
2024-01-08,13943144.887,90.0,-1152720.0,18186565.0,-251880.0,0.0,-251970.0,5396140.113
2024-01-09,13504439.158,90.0,-1046040.0,18339715.0,153240.0,0.0,153150.0,5881315.842
2024-01-10,13577067.172,90.0,-1139940.0,18292465.0,-47160.0,0.0,-47250.0,5855337.828
2024-01-11,13213945.195,90.0,-1068480.0,18409195.0,116820.0,0.0,116730.0,6263729.805
2024-01-12,13201035.982,90.0,-1127520.0,18394405.0,-14700.0,0.0,-14790.0,6320889.018
2024-01-15,13037326.99,90.0,-1129140.0,18433075.0,38760.0,0.0,38670.0,6524888.01
2024-01-16,12724396.1725,90.0,-1051800.0,18550885.0,117900.0,0.0,117810.0,6878288.8275
2024-01-17,13137421.24,90.0,-1670640.0,17977015.0,-573780.0,0.0,-573870.0,6510233.76
2024-01-18,12324839.56,90.0,-1485840.0,18207625.0,230700.0,0.0,230610.0,7368625.44
2024-01-19,16476399.856,90.0,-634860.0,19098475.0,173820.0,717120.0,890850.0,3256935.144
2024-01-22,16540084.339,90.0,-860100.0,18918325.0,-180060.0,0.0,-180150.0,3238340.661
2024-01-23,16169158.072,90.0,-763920.0,19055875.0,137640.0,0.0,137550.0,3650636.928
2024-01-24,15976244.752,90.0,-677340.0,19179985.0,124200.0,0.0,124110.0,3881080.248
2024-01-25,15929442.748,90.0,-662760.0,19228375.0,48480.0,0.0,48390.0,3961692.252
2024-01-26,15696522.184,90.0,-658140.0,19264645.0,36360.0,0.0,36270.0,4226262.816
2024-01-29,15484074.4,90.0,-676140.0,19277995.0,13440.0,0.0,13350.0,4470060.6
2024-01-30,15501574.306,90.0,-789660.0,19196305.0,-81600.0,0.0,-81690.0,4484390.694
2024-01-31,15462266.437,90.0,-924660.0,19095775.0,-100440.0,0.0,-100530.0,4558168.563
2024-02-01,15196361.02,90.0,-940800.0,19137985.0,42300.0,0.0,42210.0,4882423.98
2024-02-02,15250256.245,90.0,-1218840.0,18922075.0,-215820.0,0.0,-215910.0,4890658.755
2024-02-05,14765287.408,90.0,-1275780.0,18935545.0,13560.0,0.0,13470.0,5446037.592
2024-02-06,14309484.232,90.0,-814920.0,19451755.0,516300.0,0.0,516210.0,5957190.768
2024-02-07,14608421.806,90.0,-836400.0,19485265.0,33600.0,0.0,33510.0,5713243.194
2024-02-08,14526949.936,90.0,-948780.0,19424515.0,-60660.0,0.0,-60750.0,5846345.064
2024-02-19,18826227.559,90.0,-368880.0,20048185.0,14760.0,609000.0,623670.0,1590837.441
2024-02-20,18647431.258,90.0,-391980.0,20063395.0,15300.0,0.0,15210.0,1807943.742
2024-02-21,18527468.95,90.0,-499680.0,19992385.0,-70920.0,0.0,-71010.0,1964596.05
2024-02-22,18277346.416,90.0,-596220.0,19935355.0,-56940.0,0.0,-57030.0,2254228.584
2024-02-23,18013408.102,90.0,-632640.0,19937185.0,1920.0,0.0,1830.0,2556416.898
2024-02-26,17757275.542,90.0,-594780.0,20011495.0,74400.0,0.0,74310.0,2848999.458
2024-02-27,17704457.05,90.0,-709500.0,19933525.0,-77880.0,0.0,-77970.0,2938567.95
2024-02-28,17344714.15,90.0,-665400.0,20011375.0,77940.0,0.0,77850.0,3332060.85
2024-02-29,17355874.936,90.0,-799560.0,19910005.0,-101280.0,0.0,-101370.0,3353690.064
2024-03-01,17086379.692,90.0,-906660.0,19861375.0,-48540.0,0.0,-48630.0,3681655.308
2024-03-04,16812993.868,90.0,-916680.0,19908445.0,47160.0,0.0,47070.0,4012131.132
2024-03-05,16718864.74,90.0,-995880.0,19881595.0,-26760.0,0.0,-26850.0,4158610.26
2024-03-06,16405158.862,90.0,-1009920.0,19917265.0,35760.0,0.0,35670.0,4522026.138
2024-03-07,16197458.152,90.0,-952200.0,20022175.0,105000.0,0.0,104910.0,4776916.848
2024-03-08,16138746.85,90.0,-1023540.0,19995925.0,-26160.0,0.0,-26250.0,4880718.15
2024-03-11,16073720.908,90.0,-1241580.0,19822495.0,-173340.0,0.0,-173430.0,4990354.092
2024-03-12,15677614.48,90.0,-1334820.0,19773625.0,-48780.0,0.0,-48870.0,5430830.52
2024-03-13,15302328.886,90.0,-1283280.0,19869295.0,95760.0,0.0,95670.0,5850246.114
2024-03-14,15165491.53,90.0,-1249560.0,19945585.0,76380.0,0.0,76290.0,6029653.47
2024-03-15,18488893.186,90.0,-462300.0,20774815.0,61140.0,768180.0,829230.0,2748221.814
2024-03-18,18350290.84,90.0,-503820.0,20773345.0,-1380.0,0.0,-1470.0,2926874.16
2024-03-19,18062508.61,90.0,-507960.0,20807815.0,34560.0,0.0,34470.0,3253266.39
2024-03-20,17919196.108,90.0,-544380.0,20809225.0,1500.0,0.0,1410.0,3434408.892
2024-03-21,17699910.76,90.0,-572040.0,20819035.0,9900.0,0.0,9810.0,3691164.24
2024-03-22,17494007.368,90.0,-616680.0,20811745.0,-7200.0,0.0,-7290.0,3934417.632
2024-03-25,17408039.314,90.0,-632760.0,20831695.0,20040.0,0.0,19950.0,4056415.686
2024-03-26,17145088.348,90.0,-619560.0,20878465.0,46860.0,0.0,46770.0,4352936.652
2024-03-27,17182732.102,90.0,-704160.0,20827615.0,-50760.0,0.0,-50850.0,4349042.898
2024-03-28,16881450.04,90.0,-668640.0,20894785.0,67260.0,0.0,67170.0,4681974.96
2024-03-29,16640309.422,90.0,-655380.0,20938255.0,43560.0,0.0,43470.0,4953325.578
2024-04-01,16507837.564,90.0,-681420.0,20956285.0,18120.0,0.0,18030.0,5129867.436
2024-04-02,16208682.082,90.0,-701160.0,20980675.0,24480.0,0.0,24390.0,5473152.918
2024-04-03,16015999.144,90.0,-698400.0,21027805.0,47220.0,0.0,47130.0,5710205.856
2024-04-08,15908041.84,90.0,-694620.0,21073315.0,45600.0,0.0,45510.0,5859893.16
2024-04-09,15812954.128,90.0,-720000.0,21088285.0,15060.0,0.0,14970.0,5995330.872
2024-04-10,15811401.718,90.0,-784980.0,21061255.0,-26940.0,0.0,-27030.0,6034833.282
2024-04-11,15625626.352,90.0,-784320.0,21098545.0,37380.0,0.0,37290.0,6257238.648
2024-04-12,15691150.792,90.0,-948480.0,20971375.0,-127080.0,0.0,-127170.0,6228704.208
2024-04-15,14910339.58,90.0,-720240.0,21236785.0,265500.0,0.0,265410.0,7046685.42
2024-04-16,15067840.606,90.0,-854460.0,21142075.0,-94620.0,0.0,-94710.0,6928694.394
2024-04-17,14679119.368,90.0,-711720.0,21321985.0,180000.0,0.0,179910.0,7354585.632
2024-04-18,14571466.24,90.0,-694980.0,21375895.0,54000.0,0.0,53910.0,7499408.76
2024-04-19,18926966.746,90.0,-494220.0,21613705.0,66540.0,171360.0,237810.0,3180958.254
2024-04-22,18759810.904,90.0,-489600.0,21652195.0,38580.0,0.0,38490.0,3381984.096
2024-04-23,18642553.6,90.0,-525420.0,21649465.0,-2640.0,0.0,-2730.0,3532331.4
2024-04-24,18436732.816,90.0,-532440.0,21674815.0,25440.0,0.0,25350.0,3770522.184
2024-04-25,18229308.712,90.0,-517200.0,21719845.0,45120.0,0.0,45030.0,4007736.288
2024-04-26,18159718.156,90.0,-566640.0,21698575.0,-21180.0,0.0,-21270.0,4105496.844
2024-04-29,18066179.476,90.0,-721200.0,21574645.0,-123840.0,0.0,-123930.0,4229665.524
2024-04-30,17563325.92,90.0,-641520.0,21681055.0,106500.0,0.0,106410.0,4759249.08
2024-05-06,17801591.392,90.0,-804540.0,21566665.0,-114300.0,0.0,-114390.0,4569613.608
2024-05-07,17408487.916,90.0,-850500.0,21568435.0,1860.0,0.0,1770.0,5010447.084
2024-05-08,17031793.342,90.0,-737160.0,21728245.0,159900.0,0.0,159810.0,5433611.658
2024-05-09,17219512.648,90.0,-927960.0,21583195.0,-144960.0,0.0,-145050.0,5291642.352
2024-05-10,16822441.75,90.0,-958500.0,21597505.0,14400.0,0.0,14310.0,5733563.25
2024-05-13,16607670.184,90.0,-972360.0,21627115.0,29700.0,0.0,29610.0,5991804.816
2024-05-14,16360913.806,90.0,-959160.0,21683125.0,56100.0,0.0,56010.0,6281371.194
2024-05-15,16066499.968,90.0,-840300.0,21844015.0,160980.0,0.0,160890.0,6617815.032
2024-05-16,16095993.094,90.0,-907320.0,21817765.0,-26160.0,0.0,-26250.0,6629091.906
2024-05-17,20250606.52,90.0,-397140.0,22368055.0,-51360.0,601740.0,550290.0,2514588.48
2024-05-20,20054425.894,90.0,-416400.0,22386805.0,18840.0,0.0,18750.0,2748779.106
2024-05-21,19821072.124,90.0,-441360.0,22399615.0,12900.0,0.0,12810.0,3019902.876
2024-05-22,19643255.842,90.0,-475980.0,22402225.0,2700.0,0.0,2610.0,3234949.158
2024-05-23,19400891.02,90.0,-513840.0,22399795.0,-2340.0,0.0,-2430.0,3512743.98
2024-05-24,19387238.41,90.0,-618960.0,22330825.0,-68880.0,0.0,-68970.0,3562546.59
2024-05-27,19003185.436,90.0,-569220.0,22414795.0,84060.0,0.0,83970.0,3980829.564
2024-05-28,18952510.582,90.0,-596160.0,22418065.0,3360.0,0.0,3270.0,4061714.418
2024-05-29,18759148.528,90.0,-614400.0,22430155.0,12180.0,0.0,12090.0,4285406.472
2024-05-30,18627530.608,90.0,-660360.0,22413985.0,-16080.0,0.0,-16170.0,4446814.392
2024-05-31,18505992.28,90.0,-714720.0,22389235.0,-24660.0,0.0,-24750.0,4597962.72
2024-06-03,18232225.588,90.0,-718020.0,22432105.0,42960.0,0.0,42870.0,4917899.412
2024-06-04,17938235.884,90.0,-668940.0,22524655.0,92640.0,0.0,92550.0,5255359.116
2024-06-05,17855082.628,90.0,-737520.0,22499905.0,-24660.0,0.0,-24750.0,5382342.372
2024-06-06,17661625.336,90.0,-792960.0,22488415.0,-11400.0,0.0,-11490.0,5619749.664
2024-06-07,17578508.23,90.0,-906960.0,22418065.0,-70260.0,0.0,-70350.0,5746516.77
2024-06-11,17536435.312,90.0,-1032540.0,22335595.0,-82380.0,0.0,-82470.0,5831699.688
2024-06-12,17285711.848,90.0,-1068060.0,22340725.0,5220.0,0.0,5130.0,6123073.152
2024-06-13,17230812.16,90.0,-1166040.0,22283395.0,-57240.0,0.0,-57330.0,6218622.84
2024-06-14,16844779.786,90.0,-1097280.0,22390645.0,107340.0,0.0,107250.0,6643145.214
2024-06-17,16783688.02,90.0,-1132140.0,22392955.0,2400.0,0.0,2310.0,6741406.98
2024-06-18,16498846.744,90.0,-1085940.0,22474705.0,81840.0,0.0,81750.0,7061798.256
2024-06-19,16474631.416,90.0,-1181820.0,22414855.0,-59760.0,0.0,-59850.0,7122043.584
2024-06-20,16497925.15,90.0,-1380180.0,22249885.0,-164880.0,0.0,-164970.0,7132139.85
2024-06-21,20420375.212,90.0,-559920.0,23102575.0,-78060.0,930840.0,852690.0,3242119.788
2024-06-24,20300361.28,90.0,-613500.0,23081005.0,-21480.0,0.0,-21570.0,3394143.72
2024-06-25,20177207.548,90.0,-725280.0,22999495.0,-81420.0,0.0,-81510.0,3547567.452
2024-06-26,19815373.054,90.0,-667860.0,23089045.0,89640.0,0.0,89550.0,3941531.946
2024-06-27,19788835.516,90.0,-747600.0,23037895.0,-51060.0,0.0,-51150.0,3996659.484
2024-06-28,19531948.75,90.0,-722100.0,23089285.0,51480.0,0.0,51390.0,4279436.25
2024-07-01,19307459.26,90.0,-699420.0,23152675.0,63480.0,0.0,63390.0,4544635.74
2024-07-02,19177230.568,90.0,-716040.0,23172265.0,19680.0,0.0,19590.0,4711074.432
2024-07-03,19033307.116,90.0,-763740.0,23160715.0,-11460.0,0.0,-11550.0,4891147.884
2024-07-04,18902485.222,90.0,-875880.0,23085025.0,-75600.0,0.0,-75690.0,5058419.778
2024-07-05,18756428.968,90.0,-1008120.0,22991335.0,-93600.0,0.0,-93690.0,5243026.032
2024-07-08,18655063.6,90.0,-1181160.0,22856425.0,-134820.0,0.0,-134910.0,5382521.4
2024-07-09,18127848.856,90.0,-996660.0,23078275.0,221940.0,0.0,221850.0,5947086.144
2024-07-10,18173748.268,90.0,-1049700.0,23062885.0,-15300.0,0.0,-15390.0,5938836.732
2024-07-11,17777088.424,90.0,-875700.0,23272435.0,209640.0,0.0,209550.0,6371046.576
2024-07-12,17711368.84,90.0,-827820.0,23353105.0,80760.0,0.0,80670.0,6469556.16
2024-07-15,17573128.42,90.0,-823740.0,23390575.0,37560.0,0.0,37470.0,6641186.58
2024-07-16,17355892.468,90.0,-747540.0,23496625.0,106140.0,0.0,106050.0,6888272.532
2024-07-17,17215212.856,90.0,-741480.0,23532415.0,35880.0,0.0,35790.0,7058682.144
2024-07-18,17082903.172,90.0,-749520.0,23554945.0,22620.0,0.0,22530.0,7221561.828
2024-07-19,20991237.94,90.0,-510420.0,23825275.0,30780.0,239640.0,270330.0,3344457.06
2024-07-22,20653074.604,90.0,-486600.0,23877745.0,52560.0,0.0,52470.0,3711270.396
2024-07-23,20471961.052,90.0,-544980.0,23848795.0,-28860.0,0.0,-28950.0,3921813.948
2024-07-24,20417938.408,90.0,-647160.0,23777125.0,-71580.0,0.0,-71670.0,4006346.592
2024-07-25,20245197.298,90.0,-724080.0,23731435.0,-45600.0,0.0,-45690.0,4210317.702
2024-07-26,19975883.92,90.0,-683400.0,23800585.0,69240.0,0.0,69150.0,4508101.08
2024-07-29,19919691.094,90.0,-722580.0,23788675.0,-11820.0,0.0,-11910.0,4591563.906
2024-07-30,19865728.72,90.0,-828900.0,23708725.0,-79860.0,0.0,-79950.0,4671896.28
2024-07-31,19299569.182,90.0,-633660.0,23929015.0,220380.0,0.0,220290.0,5263105.818
2024-08-01,19303323.664,90.0,-687300.0,23918965.0,-9960.0,0.0,-10050.0,5302941.336
2024-08-02,19289230.99,90.0,-830460.0,23820715.0,-98160.0,0.0,-98250.0,5361944.01
2024-08-05,19317555.7645,90.0,-1107000.0,23591905.0,-228720.0,0.0,-228810.0,5381349.2355
2024-08-06,18954230.1775,90.0,-1134600.0,23611075.0,19260.0,0.0,19170.0,5791444.8225
2024-08-07,18766364.2315,90.0,-1127760.0,23660125.0,49140.0,0.0,49050.0,6021520.7685
2024-08-08,18627896.515,90.0,-1085340.0,23741155.0,81120.0,0.0,81030.0,6198598.485
2024-08-09,18601397.8945,90.0,-1181220.0,23683225.0,-57840.0,0.0,-57930.0,6263047.1055
2024-08-12,18410344.513,90.0,-1203480.0,23696635.0,13500.0,0.0,13410.0,6489770.487
2024-08-13,18179023.3375,90.0,-1186020.0,23749225.0,52680.0,0.0,52590.0,6756221.6625
2024-08-14,18125553.1075,90.0,-1407420.0,23562415.0,-186720.0,0.0,-186810.0,6844281.8925
2024-08-15,17640113.3275,90.0,-1134180.0,23868925.0,306600.0,0.0,306510.0,7362991.6725
2024-08-16,22278166.84,90.0,-393420.0,24641755.0,14580.0,758340.0,772830.0,2757008.16
2024-08-19,22093063.27,90.0,-396900.0,24668005.0,26340.0,0.0,26250.0,2971841.73
2024-08-20,21955809.892,90.0,-434820.0,24660295.0,-7620.0,0.0,-7710.0,3139305.108
2024-08-21,21813416.44,90.0,-461220.0,24662605.0,2400.0,0.0,2310.0,3310408.56
2024-08-22,21658678.3,90.0,-494460.0,24657415.0,-5100.0,0.0,-5190.0,3493196.7
2024-08-23,21425977.936,90.0,-489300.0,24690625.0,33300.0,0.0,33210.0,3753947.064
2024-08-26,21263599.96,90.0,-506040.0,24700795.0,10260.0,0.0,10170.0,3943235.04
2024-08-27,21135009.406,90.0,-540600.0,24691465.0,-9240.0,0.0,-9330.0,4097055.594
2024-08-28,21045580.84,90.0,-597840.0,24659275.0,-32100.0,0.0,-32190.0,4211534.16
2024-08-29,20899408.984,90.0,-651780.0,24631345.0,-27840.0,0.0,-27930.0,4383716.016
2024-08-30,20508237.676,90.0,-533040.0,24773155.0,141900.0,0.0,141810.0,4797957.324
2024-09-02,20660959.126,90.0,-747420.0,24594625.0,-178440.0,0.0,-178530.0,4681085.874
2024-09-03,20321689.96,90.0,-723480.0,24653755.0,59220.0,0.0,59130.0,5055545.04
2024-09-04,20301182.77,90.0,-830100.0,24583225.0,-70440.0,0.0,-70530.0,5112142.23
2024-09-05,20036245.636,90.0,-839400.0,24609355.0,26220.0,0.0,26130.0,5412509.364
2024-09-06,20049697.348,90.0,-990240.0,24494305.0,-114960.0,0.0,-115050.0,5434847.652
2024-09-09,20075652.115,90.0,-1278840.0,24243235.0,-250980.0,0.0,-251070.0,5446422.885
2024-09-10,19647740.644,90.0,-1298100.0,24261205.0,18060.0,0.0,17970.0,5911564.356
2024-09-11,19561440.712,90.0,-1360680.0,24235435.0,-25680.0,0.0,-25770.0,6034674.288
2024-09-12,19419434.515,90.0,-1439400.0,24190705.0,-44640.0,0.0,-44730.0,6210670.485
2024-09-13,19289945.863,90.0,-1544520.0,24117895.0,-72720.0,0.0,-72810.0,6372469.137
2024-09-18,19021798.03,90.0,-1492140.0,24202825.0,85020.0,0.0,84930.0,6673166.97
2024-09-19,18766166.038,90.0,-1288320.0,24436015.0,233280.0,0.0,233190.0,6958168.962
2024-09-20,22973201.884,90.0,-392220.0,25360045.0,-77520.0,1001640.0,924030.0,2779063.116
2024-09-23,22804169.932,90.0,-382740.0,25395235.0,35280.0,0.0,35190.0,2973805.068
2024-09-24,23065808.641,90.0,-775500.0,25036525.0,-358620.0,0.0,-358710.0,2746216.359
2024-09-25,22534207.09,90.0,-947220.0,24898135.0,-138300.0,0.0,-138390.0,3311147.91
2024-09-26,22261341.19,90.0,-1772520.0,24126145.0,-771900.0,0.0,-771990.0,3637323.81
2024-09-27,21423903.7,90.0,-3009840.0,22963795.0,-1162260.0,0.0,-1162350.0,4549731.3
2024-09-30,19995650.41,90.0,-4905780.0,21182605.0,-1781100.0,0.0,-1781190.0,6092734.59
2024-10-08,17834095.525,90.0,-5668800.0,20613175.0,-569340.0,0.0,-569430.0,8447879.475
2024-10-09,16738457.179,90.0,-4034340.0,22375585.0,1762500.0,0.0,1762410.0,9671467.821
2024-10-10,18061690.9465,90.0,-4447560.0,22074235.0,-301260.0,0.0,-301350.0,8460104.0535
2024-10-11,17943506.0455,90.0,-3985740.0,22655365.0,581220.0,0.0,581130.0,8697598.9545
2024-10-14,18369234.925,90.0,-4262340.0,22470895.0,-184380.0,0.0,-184470.0,8364000.075
2024-10-15,17988220.75,90.0,-3739680.0,23060725.0,589920.0,0.0,589830.0,8812184.25
2024-10-16,18414260.0785,90.0,-3693840.0,23174215.0,113580.0,0.0,113490.0,8453794.9215
2024-10-17,18502750.165,90.0,-3551640.0,23378545.0,204420.0,0.0,204330.0,8427434.835
2024-10-18,21074955.4075,90.0,-776340.0,22889711.8,-622740.0,133996.8,-488833.2,2591096.3925
2024-10-21,20730400.69,90.0,-838560.0,22907081.8,17460.0,0.0,17370.0,3015241.11
2024-10-22,20516930.677,90.0,-842520.0,22974791.8,67800.0,0.0,67710.0,3300381.123
2024-10-23,20375354.1025,90.0,-836100.0,23045621.8,70920.0,0.0,70830.0,3506367.6975
2024-10-24,20166366.9115,90.0,-889920.0,23056211.8,10680.0,0.0,10590.0,3779764.8885
2024-10-25,19972343.545,90.0,-934380.0,23074061.8,17940.0,0.0,17850.0,4036098.255
2024-10-28,19758024.055,90.0,-976320.0,23092991.8,19020.0,0.0,18930.0,4311287.745
2024-10-29,19530240.0295,90.0,-980100.0,23144921.8,52020.0,0.0,51930.0,4594781.7705
2024-10-30,19461233.455,90.0,-1077840.0,23104091.8,-40740.0,0.0,-40830.0,4720698.345
2024-10-31,19222308.2545,90.0,-1131000.0,23107181.8,3180.0,0.0,3090.0,5015873.5455
2024-11-01,18992279.17,90.0,-1202040.0,23139251.8,32160.0,0.0,32070.0,5349012.63
2024-11-04,18726742.0345,90.0,-1284000.0,23162981.8,23820.0,0.0,23730.0,5720239.7655
2024-11-05,18942205.8415,90.0,-1469580.0,23087171.8,-75720.0,0.0,-75810.0,5614545.9585
2024-11-06,18401820.6025,90.0,-1428180.0,23228621.8,141540.0,0.0,141450.0,6254981.1975
2024-11-07,18906663.226,90.0,-1973700.0,22789031.8,-439500.0,0.0,-439590.0,5856068.574
2024-11-08,17938172.98,90.0,-1791900.0,23069321.8,280380.0,0.0,280290.0,6923048.82
2024-11-11,18121105.54,90.0,-1781700.0,23164391.8,95160.0,0.0,95070.0,6824986.26
2024-11-12,17767996.636,90.0,-1578480.0,23444621.8,280320.0,0.0,280230.0,7255105.164
2024-11-13,17975331.55,90.0,-1719000.0,23379131.8,-65400.0,0.0,-65490.0,7122800.25
2024-11-14,17333705.2465,90.0,-1448640.0,23722181.8,343140.0,0.0,343050.0,7837116.5535
2024-11-15,22058316.994,90.0,-844320.0,24395171.8,127020.0,546060.0,672990.0,3181174.806
2024-11-18,21879920.188,90.0,-931560.0,24376781.8,-18300.0,0.0,-18390.0,3428421.612
2024-11-19,21614338.132,90.0,-976500.0,24402131.8,25440.0,0.0,25350.0,3764293.668
2024-11-20,21366782.332,90.0,-952080.0,24489761.8,87720.0,0.0,87630.0,4075059.468
2024-11-21,21206710.78,90.0,-949800.0,24551291.8,61620.0,0.0,61530.0,4294381.02
2024-11-22,21377046.1285,90.0,-1224780.0,24335621.8,-215580.0,0.0,-215670.0,4183355.6715
2024-11-25,21084344.6065,90.0,-1292460.0,24320831.8,-14700.0,0.0,-14790.0,4528947.1935
2024-11-26,20886363.6625,90.0,-1298580.0,24364361.8,43620.0,0.0,43530.0,4776578.1375
2024-11-27,20562121.4545,90.0,-1175760.0,24536951.8,172680.0,0.0,172590.0,5150590.3455
2024-11-28,20508680.4625,90.0,-1299720.0,24461981.8,-74880.0,0.0,-74970.0,5253021.3375
2024-11-29,20172199.885,90.0,-1263660.0,24547511.8,85620.0,0.0,85530.0,5638971.915
2024-12-02,19918091.872,90.0,-1295280.0,24596561.8,49140.0,0.0,49050.0,5973749.928
2024-12-03,19688810.68,90.0,-1352220.0,24619871.8,23400.0,0.0,23310.0,6283281.12
2024-12-04,19514518.888,90.0,-1414500.0,24637301.8,17520.0,0.0,17430.0,6537282.912
2024-12-05,19349398.294,90.0,-1441320.0,24683951.8,46740.0,0.0,46650.0,6775873.506
2024-12-06,19154712.964,90.0,-1417800.0,24783161.8,99300.0,0.0,99210.0,7046248.836
2024-12-09,18920800.39,90.0,-1402320.0,24872051.8,88980.0,0.0,88890.0,7353571.41
2024-12-10,18828687.136,90.0,-1484100.0,24861521.8,-10440.0,0.0,-10530.0,7516934.664
2024-12-11,18532091.314,90.0,-1486860.0,24932831.8,71400.0,0.0,71310.0,7887600.486
2024-12-12,18514266.52,90.0,-1612680.0,24883721.8,-49020.0,0.0,-49110.0,7982135.28
2024-12-13,18062042.896,90.0,-1490220.0,25071971.8,188340.0,0.0,188250.0,8500148.904
2024-12-16,18283200.328,90.0,-1420140.0,25198541.8,126660.0,0.0,126570.0,8335481.472
2024-12-17,18181350.46,90.0,-1441140.0,25237031.8,38580.0,0.0,38490.0,8496821.34
2024-12-18,17902210.666,90.0,-1371300.0,25362341.8,125400.0,0.0,125310.0,8831431.134
2024-12-19,17748831.85,90.0,-1384980.0,25403591.8,41340.0,0.0,41250.0,9039739.95
2024-12-20,22609575.58,90.0,-788400.0,26051501.8,76140.0,571860.0,647910.0,4230326.22
2024-12-23,22431162.064,90.0,-783240.0,26104091.8,52680.0,0.0,52590.0,4456169.736
2024-12-24,22299176.704,90.0,-831120.0,26104541.8,540.0,0.0,450.0,4636485.096
2024-12-25,22020778.384,90.0,-845580.0,26136431.8,31980.0,0.0,31890.0,4961233.416
2024-12-26,21818552.836,90.0,-839100.0,26186501.8,50160.0,0.0,50070.0,5207048.964
2024-12-27,21620370.94,90.0,-837180.0,26229971.8,43560.0,0.0,43470.0,5446780.86
2024-12-30,21463825.468,90.0,-844320.0,26261141.8,31260.0,0.0,31170.0,5641636.332
2024-12-31,21231847.012,90.0,-875280.0,26267051.8,6000.0,0.0,5910.0,5910484.788
2025-01-02,21774477.2215,90.0,-1312740.0,25892921.8,-374040.0,0.0,-374130.0,5431184.5785
2025-01-03,21553639.096,90.0,-1516740.0,25751771.8,-141060.0,0.0,-141150.0,5714872.704
2025-01-06,21289330.726,90.0,-1647360.0,25686941.8,-64740.0,0.0,-64830.0,6044971.074
2025-01-07,20869349.032,90.0,-1483500.0,25909631.8,222780.0,0.0,222690.0,6523782.768
2025-01-08,20884545.52,90.0,-1524480.0,25925501.8,15960.0,0.0,15870.0,6565436.28
2025-01-09,20720558.512,90.0,-1593840.0,25910831.8,-14580.0,0.0,-14670.0,6784113.288
2025-01-10,20661638.5285,90.0,-1944600.0,25613741.8,-297000.0,0.0,-297090.0,6896703.2715
2025-01-13,20282158.591,90.0,-2039640.0,25568831.8,-44820.0,0.0,-44910.0,7326313.209
2025-01-14,19653783.115,90.0,-1519380.0,26144141.8,575400.0,0.0,575310.0,8009738.685
2025-01-15,19939120.3,90.0,-1628760.0,26086151.8,-57900.0,0.0,-57990.0,7775791.5
2025-01-16,19656128.2,90.0,-1669440.0,26094581.8,8520.0,0.0,8430.0,8107893.6
2025-01-17,24585790.048,90.0,-617280.0,27197111.8,141900.0,960720.0,1102530.0,3228601.752
2025-01-20,24395366.458,90.0,-662160.0,27204341.8,7320.0,0.0,7230.0,3471135.342
2025-01-21,24170907.124,90.0,-672120.0,27242231.8,37980.0,0.0,37890.0,3743444.676
2025-01-22,23888923.93,90.0,-697620.0,27262181.8,20040.0,0.0,19950.0,4070877.87
2025-01-23,23720253.904,90.0,-743460.0,27261851.8,-240.0,0.0,-330.0,4285057.896
2025-01-24,23591853.232,90.0,-775020.0,27275561.8,13800.0,0.0,13710.0,4458728.568
2025-01-27,23297727.724,90.0,-724860.0,27365171.8,89700.0,0.0,89610.0,4792304.076
2025-02-05,23129979.652,90.0,-648420.0,27500981.8,135900.0,0.0,135810.0,5019422.148
2025-02-06,23216783.08,90.0,-732240.0,27476291.8,-24600.0,0.0,-24690.0,4991748.72
2025-02-07,23190660.196,90.0,-901020.0,27367361.8,-108840.0,0.0,-108930.0,5077721.604
2025-02-10,22834651.984,90.0,-945840.0,27381611.8,14340.0,0.0,14250.0,5492799.816
2025-02-11,22511386.036,90.0,-915060.0,27468881.8,87360.0,0.0,87270.0,5872555.764
2025-02-12,22611756.898,90.0,-1074660.0,27363431.8,-105360.0,0.0,-105450.0,5826334.902
2025-02-13,22124137.75,90.0,-1039560.0,27450761.8,87420.0,0.0,87330.0,6366184.05
2025-02-14,22196346.556,90.0,-1225860.0,27316091.8,-134580.0,0.0,-134670.0,6345605.244
2025-02-17,21881147.065,90.0,-1287240.0,27305321.8,-10680.0,0.0,-10770.0,6711414.735
2025-02-18,21391306.615,90.0,-1143720.0,27495551.8,190320.0,0.0,190230.0,7247965.185
2025-02-19,21591660.361,90.0,-1293600.0,27391361.8,-104100.0,0.0,-104190.0,7093301.439
2025-02-20,21141872.416,90.0,-1223040.0,27504911.8,113640.0,0.0,113550.0,7586079.384
2025-02-21,25401628.198,90.0,-626640.0,28144721.8,-316620.0,956520.0,639810.0,3369733.602
2025-02-24,25051259.68,90.0,-622260.0,28189991.8,45360.0,0.0,45270.0,3760992.12
2025-02-25,24788891.74,90.0,-618120.0,28233821.8,43920.0,0.0,43830.0,4063050.06
2025-02-26,24686620.78,90.0,-668640.0,28222631.8,-11100.0,0.0,-11190.0,4204651.02
2025-02-27,24443783.224,90.0,-700380.0,28229021.8,6480.0,0.0,6390.0,4485618.576
2025-02-28,24177222.088,90.0,-732540.0,28235291.8,6360.0,0.0,6270.0,4790609.712
2025-03-03,24042614.182,90.0,-702060.0,28318001.8,82800.0,0.0,82710.0,4977447.618
2025-03-04,23916003.4,90.0,-724680.0,28347011.8,29100.0,0.0,29010.0,5155688.4
2025-03-05,23645257.132,90.0,-726300.0,28394861.8,47940.0,0.0,47850.0,5475904.668
2025-03-06,23515160.008,90.0,-780900.0,28389491.8,-5280.0,0.0,-5370.0,5655231.792
2025-03-07,23165839.168,90.0,-754260.0,28463921.8,74520.0,0.0,74430.0,6052342.632
2025-03-10,23023731.208,90.0,-751200.0,28514051.8,50220.0,0.0,50130.0,6241520.592
2025-03-11,22861054.39,90.0,-788220.0,28523741.8,9780.0,0.0,9690.0,6450907.41
2025-03-12,22628164.408,90.0,-810960.0,28547171.8,23520.0,0.0,23430.0,6729967.392
2025-03-13,22450952.98,90.0,-846180.0,28557161.8,10080.0,0.0,9990.0,6952388.82
2025-03-14,22668055.225,90.0,-1144320.0,28310651.8,-246420.0,0.0,-246510.0,6786916.575
2025-03-17,21942667.582,90.0,-1050720.0,28452641.8,142080.0,0.0,141990.0,7560694.218
2025-03-18,21956340.22,90.0,-1112220.0,28437311.8,-15240.0,0.0,-15330.0,7593191.58
2025-03-19,21708019.606,90.0,-1158900.0,28436981.8,-240.0,0.0,-330.0,7887862.194
2025-03-20,21213655.12,90.0,-964800.0,28672271.8,235380.0,0.0,235290.0,8423416.68
2025-03-21,25642345.78,90.0,-619920.0,29054861.8,187620.0,195060.0,382590.0,4032436.02
2025-03-24,25452516.544,90.0,-597420.0,29113631.8,58860.0,0.0,58770.0,4258535.256
2025-03-25,25269656.518,90.0,-595860.0,29148941.8,35400.0,0.0,35310.0,4475145.282
2025-03-26,25105451.212,90.0,-627000.0,29150291.8,1440.0,0.0,1350.0,4671840.588
2025-03-27,24867870.706,90.0,-626700.0,29182001.8,31800.0,0.0,31710.0,4940831.094
2025-03-28,24689458.6,90.0,-674160.0,29165351.8,-16560.0,0.0,-16650.0,5150053.2
2025-03-31,24566587.108,90.0,-740760.0,29129021.8,-36240.0,0.0,-36330.0,5303194.692
2025-04-01,24331873.348,90.0,-754440.0,29163251.8,34320.0,0.0,34230.0,5585818.452
2025-04-02,24157895.722,90.0,-798600.0,29166401.8,3240.0,0.0,3150.0,5807106.078
2025-04-03,24096153.808,90.0,-898080.0,29114471.8,-51840.0,0.0,-51930.0,5916397.992
2025-04-07,24729775.744,90.0,-3486420.0,26625221.8,-2489160.0,0.0,-2489250.0,5381866.056
2025-04-08,22279378.48,90.0,-2632200.0,27549671.8,924540.0,0.0,924450.0,7902493.32
2025-04-09,22904044.075,90.0,-2359020.0,27888221.8,338640.0,0.0,338550.0,7343197.725
2025-04-10,23047791.4945,90.0,-1959120.0,28345511.8,457380.0,0.0,457290.0,7256840.3055
2025-04-11,23135578.9105,90.0,-1842120.0,28516661.8,171240.0,0.0,171150.0,7223202.8895
2025-04-14,23046259.1965,90.0,-1713900.0,28688951.8,172380.0,0.0,172290.0,7356592.6035
2025-04-15,22989768.277,90.0,-1730460.0,28714241.8,25380.0,0.0,25290.0,7454933.523
2025-04-16,22720781.632,90.0,-1687320.0,28799651.8,85500.0,0.0,85410.0,7766190.168
2025-04-17,22466533.702,90.0,-1662960.0,28864301.8,64740.0,0.0,64650.0,8060728.098
2025-04-18,27282996.862,90.0,-584100.0,29982431.8,6960.0,1111260.0,1118130.0,3283534.938
2025-04-21,27097007.56,90.0,-592200.0,30012101.8,29760.0,0.0,29670.0,3507294.24
2025-04-22,26893487.56,90.0,-612120.0,30028091.8,16080.0,0.0,15990.0,3746724.24
2025-04-23,26693166.568,90.0,-628020.0,30046481.8,18480.0,0.0,18390.0,3981335.232
2025-04-24,26483313.412,90.0,-646320.0,30061091.8,14700.0,0.0,14610.0,4224098.388
2025-04-25,26281632.028,90.0,-663120.0,30076481.8,15480.0,0.0,15390.0,4457969.772
2025-04-28,26067324.622,90.0,-666780.0,30103631.8,27240.0,0.0,27150.0,4703087.178
2025-04-29,25880419.24,90.0,-698100.0,30102941.8,-600.0,0.0,-690.0,4920622.56
2025-04-30,25666346.308,90.0,-731580.0,30099011.8,-3840.0,0.0,-3930.0,5164245.492
2025-05-06,25477746.655,90.0,-648840.0,30229421.8,130500.0,0.0,130410.0,5400515.145
2025-05-07,25448392.96,90.0,-688440.0,30239471.8,10140.0,0.0,10050.0,5479518.84
2025-05-08,25291046.56,90.0,-799500.0,30173201.8,-66180.0,0.0,-66270.0,5681655.24
2025-05-09,24936097.999,90.0,-800940.0,30217031.8,43920.0,0.0,43830.0,6081873.801
2025-05-12,25003628.74,90.0,-1020600.0,30043961.8,-172980.0,0.0,-173070.0,6060933.06
2025-05-13,24557148.154,90.0,-1045980.0,30060731.8,16860.0,0.0,16770.0,6549563.646
2025-05-14,24673655.623,90.0,-1407300.0,29745881.8,-314760.0,0.0,-314850.0,6479526.177
